Datetime,Pollution
2017-01-01 12:00:00,225.26685784722181
2017-01-01 13:00:00,222.42927275795705
2017-01-01 14:00:00,217.81153229593892
2017-01-01 15:00:00,215.5709771439922
2017-01-01 16:00:00,221.90958124935025
2017-01-01 17:00:00,229.36914948326927
2017-01-01 18:00:00,227.90195174595092
2017-01-01 19:00:00,225.40737120277907
2017-01-01 20:00:00,219.44390780618022
2017-01-01 21:00:00,213.1515183529155
2017-01-01 22:00:00,192.40828853177234
2017-01-01 23:00:00,180.13465916455434
2017-01-02 00:00:00,177.36056440907376
2017-01-02 01:00:00,176.2471997010797
2017-01-02 02:00:00,177.62847236009657
2017-01-02 03:00:00,175.84797247339503
2017-01-02 04:00:00,182.72577319425585
2017-01-02 05:00:00,193.721278291279
2017-01-02 06:00:00,209.5324594810525
2017-01-02 07:00:00,216.6913868262251
2017-01-02 08:00:00,219.48929275546186
2017-01-02 09:00:00,226.37375539767322
2017-01-02 10:00:00,234.1101242349635
2017-01-02 11:00:00,231.92181628663312
2017-01-02 12:00:00,231.59349726745825
2017-01-02 13:00:00,235.71217193247287
2017-01-02 14:00:00,224.51808230526572
2017-01-02 15:00:00,229.92994733547226
2017-01-02 16:00:00,228.4236538680401
2017-01-02 17:00:00,232.88001000116148
2017-01-02 18:00:00,233.0326452055125
2017-01-02 19:00:00,230.06885040952181
2017-01-02 20:00:00,225.07563881791626
2017-01-02 21:00:00,221.9407634917279
2017-01-02 22:00:00,204.04271123738843
2017-01-02 23:00:00,196.54319297448757
2017-01-03 00:00:00,192.0077531058467
2017-01-03 01:00:00,193.88156628408314
2017-01-03 02:00:00,197.31156798455177
2017-01-03 03:00:00,196.9716430831472
2017-01-03 04:00:00,199.8598459482728
2017-01-03 05:00:00,209.33956099383815
2017-01-03 06:00:00,221.35586816891285
2017-01-03 07:00:00,232.64577681309774
2017-01-03 08:00:00,236.06280176445077
2017-01-03 09:00:00,241.30984956121574
2017-01-03 10:00:00,246.18029561293582
2017-01-03 11:00:00,259.95562760212414
2017-01-03 12:00:00,252.28241893629365
2017-01-03 13:00:00,251.06780039713627
2017-01-03 14:00:00,246.48557460493538
2017-01-03 15:00:00,247.24476390591678
2017-01-03 16:00:00,243.03096639909054
2017-01-03 17:00:00,243.10414613183622
2017-01-03 18:00:00,242.9492122847071
2017-01-03 19:00:00,245.75679731326434
2017-01-03 20:00:00,250.17281586352664
2017-01-03 21:00:00,239.38421192624418
2017-01-03 22:00:00,215.52413044864355
2017-01-03 23:00:00,203.71247095083504
2017-01-04 00:00:00,203.0281711802966
2017-01-04 01:00:00,202.94287168447133
2017-01-04 02:00:00,201.3936165860032
2017-01-04 03:00:00,202.07333057967293
2017-01-04 04:00:00,211.60406003725763
2017-01-04 05:00:00,227.71061682226923
2017-01-04 06:00:00,239.28988074196542
2017-01-04 07:00:00,244.72448600034875
2017-01-04 08:00:00,251.97361149517067
2017-01-04 09:00:00,266.2531064218108
2017-01-04 10:00:00,266.23761191373006
2017-01-04 11:00:00,252.3372615961889
2017-01-04 12:00:00,238.65763429511588
2017-01-04 13:00:00,235.39300204498926
2017-01-04 14:00:00,241.4282631199467
2017-01-04 15:00:00,246.5157947410435
2017-01-04 16:00:00,251.96455437004866
2017-01-04 17:00:00,255.73059359175454
2017-01-04 18:00:00,255.28748947345952
2017-01-04 19:00:00,254.81152775866587
2017-01-04 20:00:00,249.9698562170921
2017-01-04 21:00:00,241.1081870079562
2017-01-04 22:00:00,222.80320783132493
2017-01-04 23:00:00,205.78677178314712
2017-01-05 00:00:00,198.70522061432743
2017-01-05 01:00:00,197.34238787051672
2017-01-05 02:00:00,200.6921015808543
2017-01-05 03:00:00,208.4090247696153
2017-01-05 04:00:00,213.74862437933209
2017-01-05 05:00:00,226.0555938068338
2017-01-05 06:00:00,236.24529544930041
2017-01-05 07:00:00,245.22855601948987
2017-01-05 08:00:00,246.93234089587332
2017-01-05 09:00:00,255.57753088892903
2017-01-05 10:00:00,260.9663401519555
2017-01-05 11:00:00,249.52793398914642
2017-01-05 12:00:00,246.39639016019274
2017-01-05 13:00:00,242.76293805972543
2017-01-05 14:00:00,241.08306561302183
2017-01-05 15:00:00,239.1638801706095
2017-01-05 16:00:00,254.5470715539965
2017-01-05 17:00:00,256.6922506562403
2017-01-05 18:00:00,253.634885367362
2017-01-05 19:00:00,256.3350432408063
2017-01-05 20:00:00,243.73348852305617
2017-01-05 21:00:00,236.15588005650864
2017-01-05 22:00:00,223.4802126979115
2017-01-05 23:00:00,201.08118460601426
2017-01-06 00:00:00,198.94867806841864
2017-01-06 01:00:00,204.54613869600902
2017-01-06 02:00:00,204.23607984898126
2017-01-06 03:00:00,206.9745791963867
2017-01-06 04:00:00,214.65395898624166
2017-01-06 05:00:00,237.37449495228634
2017-01-06 06:00:00,251.81111989506627
2017-01-06 07:00:00,261.435788733787
2017-01-06 08:00:00,268.3649170317933
2017-01-06 09:00:00,266.6813909554749
2017-01-06 10:00:00,262.07004603285594
2017-01-06 11:00:00,255.20912923421344
2017-01-06 12:00:00,244.79041495794317
2017-01-06 13:00:00,244.1496559513608
2017-01-06 14:00:00,245.78872024380465
2017-01-06 15:00:00,245.13936642980383
2017-01-06 16:00:00,253.18846040309413
2017-01-06 17:00:00,249.33056882213768
2017-01-06 18:00:00,252.63931144507632
2017-01-06 19:00:00,253.28066237584858
2017-01-06 20:00:00,236.14128222626385
2017-01-06 21:00:00,217.52952086712622
2017-01-06 22:00:00,209.41607693975462
2017-01-06 23:00:00,204.11758313814872
2017-01-07 00:00:00,194.0057358646978
2017-01-07 01:00:00,191.6764383245261
2017-01-07 02:00:00,197.636283275736
2017-01-07 03:00:00,202.76036492887383
2017-01-07 04:00:00,215.41147703558948
2017-01-07 05:00:00,228.4028045916375
2017-01-07 06:00:00,232.7772001062985
2017-01-07 07:00:00,244.09423150607873
2017-01-07 08:00:00,255.33057909771196
2017-01-07 09:00:00,255.53809148159436
2017-01-07 10:00:00,250.20339731628067
2017-01-07 11:00:00,239.3369128317699
2017-01-07 12:00:00,231.81777154757003
2017-01-07 13:00:00,235.63545504382813
2017-01-07 14:00:00,234.73270788940255
2017-01-07 15:00:00,234.40503276329727
2017-01-07 16:00:00,239.09264158642594
2017-01-07 17:00:00,236.90881261448703
2017-01-07 18:00:00,254.26692137223054
2017-01-07 19:00:00,251.62309563444362
2017-01-07 20:00:00,237.54732765630644
2017-01-07 21:00:00,221.50200757559188
2017-01-07 22:00:00,208.07537447604588
2017-01-07 23:00:00,198.47150596735898
2017-01-08 00:00:00,190.74368566867358
2017-01-08 01:00:00,187.3658563437902
2017-01-08 02:00:00,189.8539632015854
2017-01-08 03:00:00,198.44104837425408
2017-01-08 04:00:00,200.80637090885224
2017-01-08 05:00:00,218.0746597728511
2017-01-08 06:00:00,233.40352262143506
2017-01-08 07:00:00,241.58687597136327
2017-01-08 08:00:00,243.76749353184712
2017-01-08 09:00:00,241.1936988618916
2017-01-08 10:00:00,234.76139213623682
2017-01-08 11:00:00,234.75782050577098
2017-01-08 12:00:00,234.9307594927519
2017-01-08 13:00:00,242.1858888978445
2017-01-08 14:00:00,238.39680250859755
2017-01-08 15:00:00,241.71300329645848
2017-01-08 16:00:00,234.69616767885105
2017-01-08 17:00:00,230.90045675934357
2017-01-08 18:00:00,229.96619316822094
2017-01-08 19:00:00,238.36585209430922
2017-01-08 20:00:00,234.29479122273366
2017-01-08 21:00:00,213.61321547468395
2017-01-08 22:00:00,209.4582082034254
2017-01-08 23:00:00,195.51275854810802
2017-01-09 00:00:00,183.71001886564608
2017-01-09 01:00:00,178.9408728802453
2017-01-09 02:00:00,179.5714084033003
2017-01-09 03:00:00,180.15784954618863
2017-01-09 04:00:00,191.8385564405794
2017-01-09 05:00:00,209.39536835097323
2017-01-09 06:00:00,223.67937561821165
2017-01-09 07:00:00,229.48437953593216
2017-01-09 08:00:00,238.01841091399447
2017-01-09 09:00:00,236.21018935245772
2017-01-09 10:00:00,240.5358005498544
2017-01-09 11:00:00,233.79115422995022
2017-01-09 12:00:00,227.91057706465003
2017-01-09 13:00:00,221.46782484387828
2017-01-09 14:00:00,223.2768814387557
2017-01-09 15:00:00,220.60598431326503
2017-01-09 16:00:00,224.2440025744352
2017-01-09 17:00:00,222.0989622938671
2017-01-09 18:00:00,218.2147905651138
2017-01-09 19:00:00,224.3815414598086
2017-01-09 20:00:00,227.3819803226699
2017-01-09 21:00:00,213.60842778443683
2017-01-09 22:00:00,204.16521792855457
2017-01-09 23:00:00,193.8086493284211
2017-01-10 00:00:00,181.56890737603715
2017-01-10 01:00:00,174.12908344597
2017-01-10 02:00:00,176.1147603124869
2017-01-10 03:00:00,180.85065696551985
2017-01-10 04:00:00,189.56796044668158
2017-01-10 05:00:00,191.31115348204392
2017-01-10 06:00:00,199.15175666231727
2017-01-10 07:00:00,205.9413857435549
2017-01-10 08:00:00,212.1902802337917
2017-01-10 09:00:00,219.39909687559654
2017-01-10 10:00:00,226.4558550794465
2017-01-10 11:00:00,219.83497320842199
2017-01-10 12:00:00,228.30773576406418
2017-01-10 13:00:00,228.1569337571578
2017-01-10 14:00:00,227.13937678135207
2017-01-10 15:00:00,220.18946207564994
2017-01-10 16:00:00,222.5230859190158
2017-01-10 17:00:00,225.1437038311646
2017-01-10 18:00:00,223.57811485382268
2017-01-10 19:00:00,226.1147542695881
2017-01-10 20:00:00,219.34188882830725
2017-01-10 21:00:00,201.97975940434748
2017-01-10 22:00:00,192.2088194052574
2017-01-10 23:00:00,175.56841362981143
2017-01-11 00:00:00,170.92429700718924
2017-01-11 01:00:00,172.90090507453237
2017-01-11 02:00:00,183.88065970024294
2017-01-11 03:00:00,192.4355487960272
2017-01-11 04:00:00,196.47539540482987
2017-01-11 05:00:00,202.33231192182703
2017-01-11 06:00:00,212.16765647405285
2017-01-11 07:00:00,220.21854583623198
2017-01-11 08:00:00,222.25457070807238
2017-01-11 09:00:00,222.966011102131
2017-01-11 10:00:00,223.67803541901776
2017-01-11 11:00:00,224.07428706601854
2017-01-11 12:00:00,230.148268020706
2017-01-11 13:00:00,245.31323519551583
2017-01-11 14:00:00,250.27701691136676
2017-01-11 15:00:00,242.52733878526743
2017-01-11 16:00:00,236.86584083124097
2017-01-11 17:00:00,237.6928257323553
2017-01-11 18:00:00,242.33492248988819
2017-01-11 19:00:00,242.1623467695071
2017-01-11 20:00:00,231.4433507315767
2017-01-11 21:00:00,221.344838773984
2017-01-11 22:00:00,211.49029007420407
2017-01-11 23:00:00,201.08528799655306
2017-01-12 00:00:00,190.13433324049913
2017-01-12 01:00:00,182.35049307839236
2017-01-12 02:00:00,183.68949370018908
2017-01-12 03:00:00,184.496961672014
2017-01-12 04:00:00,191.55878428622225
2017-01-12 05:00:00,206.48265801392708
2017-01-12 06:00:00,215.19220771373952
2017-01-12 07:00:00,216.90502121225674
2017-01-12 08:00:00,223.72408034359327
2017-01-12 09:00:00,225.19622815613485
2017-01-12 10:00:00,237.35177058845542
2017-01-12 11:00:00,241.95513798375507
2017-01-12 12:00:00,231.14873647367386
2017-01-12 13:00:00,223.43149287542263
2017-01-12 14:00:00,229.92374404520788
2017-01-12 15:00:00,227.27986305931546
2017-01-12 16:00:00,227.9604801911958
2017-01-12 17:00:00,223.5815668760441
2017-01-12 18:00:00,225.67048026568887
2017-01-12 19:00:00,228.35439225243425
2017-01-12 20:00:00,220.61400901877136
2017-01-12 21:00:00,217.83151269835489
2017-01-12 22:00:00,207.8711579743853
2017-01-12 23:00:00,187.55177831974657
2017-01-13 00:00:00,185.87515582847112
2017-01-13 01:00:00,183.2720676970314
2017-01-13 02:00:00,186.7636737161499
2017-01-13 03:00:00,189.47648193028144
2017-01-13 04:00:00,198.803641995741
2017-01-13 05:00:00,219.7757100639328
2017-01-13 06:00:00,230.00717417025663
2017-01-13 07:00:00,240.69196416805053
2017-01-13 08:00:00,245.00811523971342
2017-01-13 09:00:00,243.5115771319825
2017-01-13 10:00:00,239.39824684620837
2017-01-13 11:00:00,243.7418495778488
2017-01-13 12:00:00,242.42116568102892
2017-01-13 13:00:00,235.8910439047135
2017-01-13 14:00:00,238.85848003091715
2017-01-13 15:00:00,233.41222790655587
2017-01-13 16:00:00,227.7646441530698
2017-01-13 17:00:00,228.73919994657777
2017-01-13 18:00:00,232.53901674189584
2017-01-13 19:00:00,235.3939780761696
2017-01-13 20:00:00,229.18999273314296
2017-01-13 21:00:00,210.72607913896985
2017-01-13 22:00:00,193.28458825059988
2017-01-13 23:00:00,187.46352793470703
2017-01-14 00:00:00,183.41836045698852
2017-01-14 01:00:00,183.5794546218845
2017-01-14 02:00:00,185.65222122482348
2017-01-14 03:00:00,189.8809391262385
2017-01-14 04:00:00,202.8637394605324
2017-01-14 05:00:00,224.11421307019017
2017-01-14 06:00:00,225.2785139926833
2017-01-14 07:00:00,238.2784454477105
2017-01-14 08:00:00,249.38961811940888
2017-01-14 09:00:00,253.64869578430637
2017-01-14 10:00:00,260.9252898459327
2017-01-14 11:00:00,239.36490400371494
2017-01-14 12:00:00,235.38802844708573
2017-01-14 13:00:00,233.24613416706092
2017-01-14 14:00:00,229.31530293946048
2017-01-14 15:00:00,226.8899640143648
2017-01-14 16:00:00,225.89023121892293
2017-01-14 17:00:00,242.23148896736998
2017-01-14 18:00:00,246.2352354754767
2017-01-14 19:00:00,240.7886939025432
2017-01-14 20:00:00,231.38317693700847
2017-01-14 21:00:00,226.22310189105835
2017-01-14 22:00:00,211.05320138696956
2017-01-14 23:00:00,191.68750589576882
2017-01-15 00:00:00,188.66198300295645
2017-01-15 01:00:00,188.2033104018625
2017-01-15 02:00:00,193.2733899149568
2017-01-15 03:00:00,201.63800609817585
2017-01-15 04:00:00,211.40542184434193
2017-01-15 05:00:00,224.09279339332778
2017-01-15 06:00:00,231.35711734121324
2017-01-15 07:00:00,242.35287192575333
2017-01-15 08:00:00,248.51148842308712
2017-01-15 09:00:00,248.73750257268824
2017-01-15 10:00:00,260.73907008243015
2017-01-15 11:00:00,242.52218342521448
2017-01-15 12:00:00,236.13055462945053
2017-01-15 13:00:00,242.08387030338096
2017-01-15 14:00:00,236.30209724330564
2017-01-15 15:00:00,248.1479801491275
2017-01-15 16:00:00,240.51669908537554
2017-01-15 17:00:00,243.89116019558475
2017-01-15 18:00:00,242.597907873839
2017-01-15 19:00:00,238.83412535931362
2017-01-15 20:00:00,233.42329900421498
2017-01-15 21:00:00,220.58090083107078
2017-01-15 22:00:00,203.7364899129232
2017-01-15 23:00:00,193.03434399234433
2017-01-16 00:00:00,187.3353765656846
2017-01-16 01:00:00,186.87574729652064
2017-01-16 02:00:00,189.28673742558712
2017-01-16 03:00:00,198.66180077306947
2017-01-16 04:00:00,206.74966330742475
2017-01-16 05:00:00,219.0591916322941
2017-01-16 06:00:00,230.60846334006536
2017-01-16 07:00:00,241.9247415386768
2017-01-16 08:00:00,243.79350968272618
2017-01-16 09:00:00,244.42298790040098
2017-01-16 10:00:00,253.47957508667452
2017-01-16 11:00:00,252.60431046043442
2017-01-16 12:00:00,244.8443011776645
2017-01-16 13:00:00,241.08255278447308
2017-01-16 14:00:00,237.59495068488295
2017-01-16 15:00:00,245.42916054744748
2017-01-16 16:00:00,246.48121934197496
2017-01-16 17:00:00,249.89101525460393
2017-01-16 18:00:00,251.2973931141021
2017-01-16 19:00:00,249.54267896303065
2017-01-16 20:00:00,236.1190857349516
2017-01-16 21:00:00,223.5906440545739
2017-01-16 22:00:00,217.0717311385338
2017-01-16 23:00:00,201.03687896517943
2017-01-17 00:00:00,196.67089076432418
2017-01-17 01:00:00,191.88118044481723
2017-01-17 02:00:00,191.96682198507358
2017-01-17 03:00:00,195.01544180429482
2017-01-17 04:00:00,207.42086980547978
2017-01-17 05:00:00,219.35389330439847
2017-01-17 06:00:00,228.52632966324478
2017-01-17 07:00:00,239.83560296495378
2017-01-17 08:00:00,250.08397030163758
2017-01-17 09:00:00,254.1171348540229
2017-01-17 10:00:00,255.55952606928446
2017-01-17 11:00:00,240.6893815754658
2017-01-17 12:00:00,232.55897349771752
2017-01-17 13:00:00,223.4146536746314
2017-01-17 14:00:00,221.88980871959754
2017-01-17 15:00:00,223.38226547804115
2017-01-17 16:00:00,233.78705954638
2017-01-17 17:00:00,252.56527453780217
2017-01-17 18:00:00,251.3348608727111
2017-01-17 19:00:00,243.58700080741696
2017-01-17 20:00:00,242.48487049024644
2017-01-17 21:00:00,235.27439251888353
2017-01-17 22:00:00,212.0841014594151
2017-01-17 23:00:00,205.38345620967064
2017-01-18 00:00:00,202.68146342813196
2017-01-18 01:00:00,204.88972375530997
2017-01-18 02:00:00,200.3103201328898
2017-01-18 03:00:00,206.35957724671223
2017-01-18 04:00:00,214.07954850473834
2017-01-18 05:00:00,223.30439205884971
2017-01-18 06:00:00,222.77125376650528
2017-01-18 07:00:00,227.41158239830622
2017-01-18 08:00:00,243.04112120157944
2017-01-18 09:00:00,255.81020880839253
2017-01-18 10:00:00,257.3018875802267
2017-01-18 11:00:00,252.76702570762842
2017-01-18 12:00:00,247.93090343279192
2017-01-18 13:00:00,248.06949654228788
2017-01-18 14:00:00,244.8414052415718
2017-01-18 15:00:00,240.32736178894405
2017-01-18 16:00:00,250.08729142102158
2017-01-18 17:00:00,256.2349810200407
2017-01-18 18:00:00,259.7000852499167
2017-01-18 19:00:00,257.62427666136443
2017-01-18 20:00:00,245.17618713569988
2017-01-18 21:00:00,236.95115204783508
2017-01-18 22:00:00,218.09105367649357
2017-01-18 23:00:00,213.3941671044862
2017-01-19 00:00:00,209.69418687453526
2017-01-19 01:00:00,210.23806880166723
2017-01-19 02:00:00,213.99580337107525
2017-01-19 03:00:00,215.3776863944182
2017-01-19 04:00:00,218.07609604684347
2017-01-19 05:00:00,219.92441426650905
2017-01-19 06:00:00,247.68577702143938
2017-01-19 07:00:00,262.9915931297591
2017-01-19 08:00:00,264.00267063912287
2017-01-19 09:00:00,276.17452406467226
2017-01-19 10:00:00,274.7157001118923
2017-01-19 11:00:00,269.8504100517448
2017-01-19 12:00:00,259.64334529731116
2017-01-19 13:00:00,258.39912257892007
2017-01-19 14:00:00,266.8022085448088
2017-01-19 15:00:00,257.9492298710877
2017-01-19 16:00:00,257.7309488220785
2017-01-19 17:00:00,268.5790343327115
2017-01-19 18:00:00,263.401547767419
2017-01-19 19:00:00,260.65973345783016
2017-01-19 20:00:00,251.8629233330905
2017-01-19 21:00:00,237.28999775699054
2017-01-19 22:00:00,230.09474235503845
2017-01-19 23:00:00,226.73677260869607
2017-01-20 00:00:00,217.70721350567374
2017-01-20 01:00:00,212.25334322536358
2017-01-20 02:00:00,217.67928651944067
2017-01-20 03:00:00,224.7231091662381
2017-01-20 04:00:00,240.73040253908866
2017-01-20 05:00:00,252.86923496546842
2017-01-20 06:00:00,267.5948815718045
2017-01-20 07:00:00,280.90306873682056
2017-01-20 08:00:00,289.96348318594096
2017-01-20 09:00:00,291.53657686957484
2017-01-20 10:00:00,281.12368030416116
2017-01-20 11:00:00,275.9242322571139
2017-01-20 12:00:00,271.0105975500694
2017-01-20 13:00:00,272.3835412314752
2017-01-20 14:00:00,267.0877571846322
2017-01-20 15:00:00,266.90122126044395
2017-01-20 16:00:00,279.3764889877358
2017-01-20 17:00:00,287.59379315084624
2017-01-20 18:00:00,287.7726063690367
2017-01-20 19:00:00,277.36286402813175
2017-01-20 20:00:00,266.8833705160262
2017-01-20 21:00:00,256.63053321272156
2017-01-20 22:00:00,247.76848859839689
2017-01-20 23:00:00,241.75055961216378
2017-01-21 00:00:00,235.72502408011798
2017-01-21 01:00:00,227.2722784961676
2017-01-21 02:00:00,228.03114392222537
2017-01-21 03:00:00,230.06832588761876
2017-01-21 04:00:00,241.71795838691244
2017-01-21 05:00:00,257.8168316419678
2017-01-21 06:00:00,290.51082025803765
2017-01-21 07:00:00,310.8242075955524
2017-01-21 08:00:00,312.93366711689254
2017-01-21 09:00:00,312.90546251857234
2017-01-21 10:00:00,302.8686379860151
2017-01-21 11:00:00,300.33291373877034
2017-01-21 12:00:00,298.0453829038881
2017-01-21 13:00:00,294.0355823224086
2017-01-21 14:00:00,290.0415817807585
2017-01-21 15:00:00,295.85518618920014
2017-01-21 16:00:00,299.0233361968939
2017-01-21 17:00:00,303.94089669280305
2017-01-21 18:00:00,302.806152607464
2017-01-21 19:00:00,302.39303729174827
2017-01-21 20:00:00,289.56416330899344
2017-01-21 21:00:00,271.29996161551196
2017-01-21 22:00:00,254.77352695460624
2017-01-21 23:00:00,242.76454815307028
2017-01-22 00:00:00,238.4113401265763
2017-01-22 01:00:00,246.62626626551838
2017-01-22 02:00:00,247.38241668128407
2017-01-22 03:00:00,254.40900590367036
2017-01-22 04:00:00,267.36446847372093
2017-01-22 05:00:00,284.089606780427
2017-01-22 06:00:00,302.7541267194318
2017-01-22 07:00:00,323.0758601089168
2017-01-22 08:00:00,322.5697773602913
2017-01-22 09:00:00,323.6077085264674
2017-01-22 10:00:00,317.94683939606034
2017-01-22 11:00:00,305.4080168833548
2017-01-22 12:00:00,295.4134361382983
2017-01-22 13:00:00,291.02150719301983
2017-01-22 14:00:00,287.3309165858173
2017-01-22 15:00:00,282.4801491201032
2017-01-22 16:00:00,300.3426523182008
2017-01-22 17:00:00,312.29317371355376
2017-01-22 18:00:00,311.17558605577074
2017-01-22 19:00:00,304.7563835429957
2017-01-22 20:00:00,298.5769629880391
2017-01-22 21:00:00,281.6356706728077
2017-01-22 22:00:00,269.11361732213385
2017-01-22 23:00:00,252.7826070348571
2017-01-23 00:00:00,241.10342299627695
2017-01-23 01:00:00,242.65258210671362
2017-01-23 02:00:00,249.7372948401019
2017-01-23 03:00:00,259.41689587267206
2017-01-23 04:00:00,268.34305551529076
2017-01-23 05:00:00,283.6952374430609
2017-01-23 06:00:00,289.99940768978746
2017-01-23 07:00:00,304.3313116539601
2017-01-23 08:00:00,311.8755320850936
2017-01-23 09:00:00,328.30972435105343
2017-01-23 10:00:00,327.0207222456838
2017-01-23 11:00:00,291.60909053772707
2017-01-23 12:00:00,297.1065462437367
2017-01-23 13:00:00,285.0004820595538
2017-01-23 14:00:00,287.9498767865897
2017-01-23 15:00:00,289.43833655029647
2017-01-23 16:00:00,271.66389648822224
2017-01-23 17:00:00,295.64654367284635
2017-01-23 18:00:00,296.87640903593876
2017-01-23 19:00:00,294.1148184577617
2017-01-23 20:00:00,289.5836215221519
2017-01-23 21:00:00,280.63268152715335
2017-01-23 22:00:00,274.1167140644813
2017-01-23 23:00:00,252.7987862038465
2017-01-24 00:00:00,233.79490705740204
2017-01-24 01:00:00,243.34507587713802
2017-01-24 02:00:00,245.423954376298
2017-01-24 03:00:00,245.42175564878565
2017-01-24 04:00:00,248.31844583924132
2017-01-24 05:00:00,256.9664004518637
2017-01-24 06:00:00,272.9136408204774
2017-01-24 07:00:00,291.2585534158373
2017-01-24 08:00:00,298.18709659031447
2017-01-24 09:00:00,304.6830424632249
2017-01-24 10:00:00,312.0973823321429
2017-01-24 11:00:00,308.87831233138286
2017-01-24 12:00:00,289.80086176590436
2017-01-24 13:00:00,278.64792996338724
2017-01-24 14:00:00,282.23863620959185
2017-01-24 15:00:00,275.7342395819752
2017-01-24 16:00:00,284.9897418436335
2017-01-24 17:00:00,291.6698340904846
2017-01-24 18:00:00,290.24502247911715
2017-01-24 19:00:00,280.80647065766567
2017-01-24 20:00:00,276.25733423182294
2017-01-24 21:00:00,265.63191630331113
2017-01-24 22:00:00,259.79051519175295
2017-01-24 23:00:00,249.81986336034524
2017-01-25 00:00:00,233.49074724547833
2017-01-25 01:00:00,233.37304656801075
2017-01-25 02:00:00,222.10933521943443
2017-01-25 03:00:00,226.42190494558875
2017-01-25 04:00:00,244.62086943394107
2017-01-25 05:00:00,245.23235441598254
2017-01-25 06:00:00,255.8254262852319
2017-01-25 07:00:00,274.51905541898134
2017-01-25 08:00:00,279.1656476379718
2017-01-25 09:00:00,288.3886229008272
2017-01-25 10:00:00,285.50426516108024
2017-01-25 11:00:00,278.27627479349576
2017-01-25 12:00:00,264.1568619490967
2017-01-25 13:00:00,270.95779840368857
2017-01-25 14:00:00,264.5249112062535
2017-01-25 15:00:00,266.3629338308339
2017-01-25 16:00:00,267.6492994932809
2017-01-25 17:00:00,272.02589310099097
2017-01-25 18:00:00,272.2774713545345
2017-01-25 19:00:00,264.8267195059721
2017-01-25 20:00:00,263.259402629679
2017-01-25 21:00:00,249.9611666232583
2017-01-25 22:00:00,236.4637200117135
2017-01-25 23:00:00,225.1764907793721
2017-01-26 00:00:00,221.19075227872065
2017-01-26 01:00:00,218.73872664044126
2017-01-26 02:00:00,224.13088612828807
2017-01-26 03:00:00,226.42265774914446
2017-01-26 04:00:00,239.5895039948697
2017-01-26 05:00:00,252.16560863588722
2017-01-26 06:00:00,267.40690498367707
2017-01-26 07:00:00,281.4510142518134
2017-01-26 08:00:00,281.4820099814327
2017-01-26 09:00:00,289.7633033389276
2017-01-26 10:00:00,292.24454749808643
2017-01-26 11:00:00,277.67306618176116
2017-01-26 12:00:00,266.8455120887252
2017-01-26 13:00:00,258.6022637598319
2017-01-26 14:00:00,258.81509613552095
2017-01-26 15:00:00,281.66415287899054
2017-01-26 16:00:00,275.31465673215035
2017-01-26 17:00:00,247.38530414247208
2017-01-26 18:00:00,261.64296446543943
2017-01-26 19:00:00,269.51055875342405
2017-01-26 20:00:00,271.9243560875272
2017-01-26 21:00:00,258.9544853348291
2017-01-26 22:00:00,242.8028267608397
2017-01-26 23:00:00,226.53372334011596
2017-01-27 00:00:00,216.55824329962797
2017-01-27 01:00:00,209.10398138961034
2017-01-27 02:00:00,220.81643479787417
2017-01-27 03:00:00,221.75203434453772
2017-01-27 04:00:00,233.2198186654784
2017-01-27 05:00:00,269.7625273675846
2017-01-27 06:00:00,275.98843098176064
2017-01-27 07:00:00,275.3850958025129
2017-01-27 08:00:00,274.1335860947953
2017-01-27 09:00:00,277.4710649507829
2017-01-27 10:00:00,266.6486684822493
2017-01-27 11:00:00,246.39875602655712
2017-01-27 12:00:00,248.52968792819902
2017-01-27 13:00:00,243.24364213674386
2017-01-27 14:00:00,235.10446961307548
2017-01-27 15:00:00,238.96667186111972
2017-01-27 16:00:00,243.31555333320435
2017-01-27 17:00:00,254.07958050758143
2017-01-27 18:00:00,258.6752087832962
2017-01-27 19:00:00,250.19367117435795
2017-01-27 20:00:00,250.92247922448507
2017-01-27 21:00:00,235.28259447504604
2017-01-27 22:00:00,213.81174627057246
2017-01-27 23:00:00,199.22841698739668
2017-01-28 00:00:00,194.26303882276966
2017-01-28 01:00:00,191.80508566513413
2017-01-28 02:00:00,197.83552725160703
2017-01-28 03:00:00,205.74624424315377
2017-01-28 04:00:00,221.84792724441982
2017-01-28 05:00:00,234.6923077123256
2017-01-28 06:00:00,251.57221841365688
2017-01-28 07:00:00,261.6566313284653
2017-01-28 08:00:00,265.1223837700745
2017-01-28 09:00:00,266.5140951524305
2017-01-28 10:00:00,259.38568401739735
2017-01-28 11:00:00,244.78913241354454
2017-01-28 12:00:00,243.21169979393818
2017-01-28 13:00:00,243.88386971828774
2017-01-28 14:00:00,246.3943055679238
2017-01-28 15:00:00,251.6041193058651
2017-01-28 16:00:00,269.984355243822
2017-01-28 17:00:00,268.7730328718137
2017-01-28 18:00:00,280.3705689034947
2017-01-28 19:00:00,253.8715000148771
2017-01-28 20:00:00,251.24887839219073
2017-01-28 21:00:00,238.60758684511433
2017-01-28 22:00:00,217.82007475957036
2017-01-28 23:00:00,205.59116320242055
2017-01-29 00:00:00,198.9698488124306
2017-01-29 01:00:00,203.5071566755568
2017-01-29 02:00:00,212.520014448458
2017-01-29 03:00:00,221.4036887710017
2017-01-29 04:00:00,225.8053650981321
2017-01-29 05:00:00,243.95292282441605
2017-01-29 06:00:00,260.4893752490373
2017-01-29 07:00:00,277.59665445177865
2017-01-29 08:00:00,281.77960393114535
2017-01-29 09:00:00,283.8907265039929
2017-01-29 10:00:00,285.12136639744443
2017-01-29 11:00:00,281.1776483120287
2017-01-29 12:00:00,275.2261192757007
2017-01-29 13:00:00,271.19187388265703
2017-01-29 14:00:00,282.02090863905653
2017-01-29 15:00:00,269.2464701382782
2017-01-29 16:00:00,270.6577876083432
2017-01-29 17:00:00,271.1357705910078
2017-01-29 18:00:00,272.3992937194765
2017-01-29 19:00:00,265.8811148521469
2017-01-29 20:00:00,246.90728924428706
2017-01-29 21:00:00,248.26623295951535
2017-01-29 22:00:00,234.1639815690963
2017-01-29 23:00:00,223.95734305846074
2017-01-30 00:00:00,208.67996987811114
2017-01-30 01:00:00,205.54438167084135
2017-01-30 02:00:00,217.5374494662981
2017-01-30 03:00:00,221.05905802657662
2017-01-30 04:00:00,232.09410647282397
2017-01-30 05:00:00,246.21339149398872
2017-01-30 06:00:00,258.74210235123616
2017-01-30 07:00:00,263.5399490108655
2017-01-30 08:00:00,268.1055098553194
2017-01-30 09:00:00,274.5998736234399
2017-01-30 10:00:00,288.5200885763878
2017-01-30 11:00:00,278.2278154538953
2017-01-30 12:00:00,263.9026687500863
2017-01-30 13:00:00,258.83056911615876
2017-01-30 14:00:00,260.98053797409483
2017-01-30 15:00:00,263.55674276068464
2017-01-30 16:00:00,273.9990840982608
2017-01-30 17:00:00,279.8314350274822
2017-01-30 18:00:00,279.0922406573449
2017-01-30 19:00:00,266.2205425851279
2017-01-30 20:00:00,265.2293520908562
2017-01-30 21:00:00,257.92351827009645
2017-01-30 22:00:00,247.5083132394886
2017-01-30 23:00:00,235.65834969556664
2017-01-31 00:00:00,220.72483203721293
2017-01-31 01:00:00,218.24844429346706
2017-01-31 02:00:00,230.2199345127682
2017-01-31 03:00:00,240.37825271851008
2017-01-31 04:00:00,249.04710601857883
2017-01-31 05:00:00,255.14030375633595
2017-01-31 06:00:00,261.66400849280626
2017-01-31 07:00:00,278.8206972640128
2017-01-31 08:00:00,287.43513418403603
2017-01-31 09:00:00,295.3108740975056
2017-01-31 10:00:00,292.918683480104
2017-01-31 11:00:00,279.61026038238595
2017-01-31 12:00:00,281.9119938641818
2017-01-31 13:00:00,268.8035796632234
2017-01-31 14:00:00,265.276217404256
2017-01-31 15:00:00,267.8706127617446
2017-01-31 16:00:00,271.34331604579194
2017-01-31 17:00:00,278.8613642149795
2017-01-31 18:00:00,289.78393424033607
2017-01-31 19:00:00,286.55771541717934
2017-01-31 20:00:00,283.2165565235878
2017-01-31 21:00:00,268.24785913160036
2017-01-31 22:00:00,242.85496775846406
2017-01-31 23:00:00,237.02928935649803
